"1-indexed start position of item code in the full barcode. Example: for item code 3310100 in 3310100010009, start is 1.",موضع البداية (مُرقَّم من 1) لرمز العنصر في الباركود الكامل. مثال: لرمز العنصر 3310100 في 3310100010009، البداية هي 1.
"1-indexed start position of weight segment. Example: in 3310100010009, weight starts at position 8.",موضع البداية (مُرقَّم من 1) لمقطع الوزن. مثال: في 3310100010009، يبدأ الوزن في الموضع 8.
"<span class=\""h4\"">X POS</span>","<span class=\""h4\"">إكس بي أو إس</span>"
Accept Qty,قبول الكمية
Account,حساب
Account Head,رئيس حساب
Accounts Manager,مدير حسابات
Accounts User,حسابات المستخدمين
Add Filter,إضافة فلتر
Add New Supplier,إضافة مورد جديد
Add a new supplier to the system,إضافة مورد جديد إلى النظام
Add items to pay,إضافة عناصر للدفع
Add to Cart,أضف إلى السلة
Add/Edit Coupon Conditions,إضافة / تحرير شروط القسيمة
Additional Discount,خصم إضافي
Administrator,مدير
Against Name,مقابل الاسم
All,الكل
All Groups,كل المجموعات
All orders have been received,تم استلام جميع الطلبات
Allocated {0} across {1} payment(s).,تم تخصيص {0} عبر {1} دفعة (دفعات).
Allocation amount for payment {0} exceeds outstanding invoices,مبلغ التخصيص للدفع {0} يتجاوز الفواتير المستحقة
Amended From,معدل من
Amount,مبلغ
Amount Due,المبلغ المستحق
Amount exceeds POS Profile cash movement max amount.,المبلغ يتجاوز الحد الأقصى لحركة النقد في ملف نقاط البيع.
Amount must be greater than zero,يجب أن يكون المبلغ أكبر من صفر
Amount must be greater than zero.,يجب أن يكون المبلغ أكبر من صفر.
Applied,طلب
Apply,تطبيق
Apply For,تطبيق على
Apply For POS Profiles,تطبيق على ملفات نقاط البيع
Apply On,تنطبق على
Apply Rule On Brand,تطبيق القاعدة على العلامة التجارية
Apply Rule On Item Code,تطبيق القاعدة على رمز البند
Apply Rule On Item Group,تطبيق القاعدة على مجموعة العناصر
Apply Type,نوع التطبيق
Are you sure you want to delete this draft?,هل أنت متأكد أنك تريد حذف هذه المسودة؟
At least one item is required,مطلوب عنصر واحد على الأقل
Auto Apply,تطبيق تلقائي
Auto-receive,استلام تلقائي
Available Programs,البرامج المتاحة
Back Office Cash Account is fixed by POS Profile and cannot be overridden.,حساب النقد للمكتب الخلفي محدد بواسطة ملف نقاط البيع ولا يمكن تجاوزه.
Back Office Cash Account is required for cash deposit.,حساب النقد للمكتب الخلفي مطلوب للإيداع النقدي.
Back Office Cash Account must be a Cash account.,يجب أن يكون حساب النقد للمكتب الخلفي حساباً نقدياً.
Back to Sign In,العودة إلى تسجيل الدخول
Barcode,الرمز الشريطي
Barcode Printer,طابعة الباركود
Barcode Structure,هيكل الباركود
Barcode Type,نوع الباركود
Barcode lookup failed,فشل البحث عن الباركود
Barcode {0} already exists.,الباركود {0} موجود بالفعل.
Barcodes,الباركود
Brand,العلامة التجارية
Campaign,الحملة
Cancel,إلغاء
Cancelled,ألغيت
Cancelling submitted cash movements is disabled for this POS Profile.,إلغاء حركات النقد المقدمة معطل لهذا الملف التعريفي لنقاط البيع.
Cannot add item to cart,لا يمكن إضافة العنصر إلى السلة
Cart,عربة
Cart is empty,السلة فارغة
Cash Deposit,إيداع نقدي
Cash Deposit is disabled for this POS Profile.,الإيداع النقدي معطل لهذا الملف التعريفي لنقاط البيع.
Cash Movement,حركة نقدية
Cash Movement is disabled for this POS Profile.,حركة النقد معطلة لهذا الملف التعريفي لنقاط البيع.
Cash deposit recorded,تم تسجيل الإيداع النقدي
Cash flow tracking,تتبع التدفق النقدي
Cash movement is already cancelled,حركة النقد ملغاة بالفعل
Cash movement {0} not found,حركة النقد {0} غير موجودة
Cashier,أمين الصندوق
Change,تغيير
Change Given,المبلغ المُسلَّم كباقٍ
Check your email for reset instructions,تحقق من بريدك الإلكتروني لتعليمات إعادة التعيين
Clear All,مسح الكل
Clear cart,إفراغ السلة
Click on items to add them here,انقر على العناصر لإضافتها هنا
Click to change customer,انقر لتغيير العميل
Click to select customer,انقر لاختيار العميل
Client Request ID,معرّف طلب العميل
Close,أغلق
Close Shift,إغلاق النوبة
Closed,مغلق
Closing,الإغلاق
Closing Amount,مبلغ الإغلاق
Closing...,جارٍ الإغلاق...
Company,شركة
Company is required,الشركة مطلوبة
Company is required.,الشركة مطلوبة.
Company must match the selected POS Opening Shift company.,يجب أن تتطابق الشركة مع شركة نوبة فتح نقاط البيع المحددة.
Company must match the selected POS Profile company.,يجب أن تتطابق الشركة مع شركة ملف نقاط البيع المحددة.
Contact administrator to set up loyalty programs,تواصل مع المسؤول لإعداد برامج الولاء
Context is required,السياق مطلوب
Cost Center,مركز التكلفة
Cost Center is not set in pos profile {0},مركز التكلفة غير محدد في ملف نقاط البيع {0}
Coupon,قسيمة
Coupon Based,قائم على القسيمة
Coupon Code,رمز الكوبون
Coupon Code Based,كود الكوبون
Coupon Description,وصف القسيمة
Coupon Name,اسم القسيمة
Coupon Type,نوع الكوبون
Coupon has expired,انتهت صلاحية القسيمة
Coupon is not valid for this customer,القسيمة غير صالحة لهذا العميل
Coupon is not yet valid,القسيمة غير صالحة بعد
Create New Supplier,إنشاء مورد جديد
Create Supplier,إنشاء مورد
Create items,إنشاء عناصر
Create suppliers,إنشاء موردين
Created By,تم الإنشاء بواسطة
Creating...,جارٍ الإنشاء...
Credit Note,إشعار دائن
Credit Note {0} has no remaining balance to allocate.,إشعار الدائن {0} لا يوجد به رصيد متبقٍ للتخصيص.
Credit note {0} is already fully allocated,إشعار الدائن {0} مخصص بالكامل بالفعل
Credit note {0} still has an unapplied balance of {1},إشعار الدائن {0} لا يزال يحمل رصيداً غير مطبق بقيمة {1}
Currency,العملة
"Currency is not correct, party account currency is {party_account_currency} and transaction currency is {currency}",العملة غير صحيحة، عملة حساب الطرف هي {party_account_currency} وعملة المعاملة هي {currency}
Currency is required,العملة مطلوبة
Customer,العميل
Customer Group,مجموعة العميل
Customer Name,اسم العميل
Customer already exists,العميل موجود بالفعل
Customer is already enrolled in {0},العميل مسجل بالفعل في {0}
Customer is already enrolled in {0}. Please unenroll from the current program first.,العميل مسجل بالفعل في {0}. يرجى إلغاء التسجيل من البرنامج الحالي أولاً.
Customer is not enrolled in any loyalty program,العميل غير مسجل في أي برنامج ولاء
Customer is required,العميل مطلوب
Customer is required to create an address,العميل مطلوب لإنشاء عنوان
Customer locked for return,العميل مقفل للإرجاع
Customer mismatch: Return must be for the same customer ({0}) as the original invoice,عدم تطابق العميل: يجب أن يكون الإرجاع لنفس العميل ({0}) كما في الفاتورة الأصلية
Customer name is required,اسم العميل مطلوب
Customer {0} not found,العميل {0} غير موجود
"Customer, Company, Amount, and Mode of Payment are required",العميل والشركة والمبلغ وطريقة الدفع مطلوبة
Date,التاريخ
Date & Time,التاريخ والوقت
Default Loyalty Program,برنامج الولاء الافتراضي
Default Rate,السعر الافتراضي
Default Rate is required,السعر الافتراضي مطلوب
Delete draft,حذف المسودة
Deleting cancelled cash movements is disabled for this POS Profile.,حذف حركات النقد الملغاة معطل لهذا الملف التعريفي لنقاط البيع.
Delivery Charges,رسوم التوصيل
Delivery Charges POS Profile,ملف نقاط البيع لرسوم التوصيل
Deposit,إيداع
Deposit To,إيداع إلى
Description,وصف
Details,تفاصيل
Difference,فرق
Digits after decimal. Example: 1.000 => decimals 3.,أرقام بعد الفاصلة العشرية. مثال: 1.000 => عشريات 3.
"Digits before decimal. Example: for 1.000, use 1 (or 2 if your scale encodes 01.000).",أرقام قبل الفاصلة العشرية. مثال: لـ 1.000، استخدم 1 (أو 2 إذا كان ميزانك يُشفّر 01.000).
Disable,تعطيل
Disabled,معطل
Discount,خصم
Discount %,الخصم %
Discount Amount,قيمة الخصم
Discount Percentage,نسبة الخصم
Discount Type,نوع الخصم
Discount amount,مبلغ الخصم
Draft,مشروع
Draft invoice deleted,تم حذف فاتورة المسودة
Draft invoice restored to cart,تم استعادة فاتورة المسودة إلى السلة
Email,البريد الإلكتروني
Email Address,البريد الالكتروني
Email ID,معرّف البريد الإلكتروني
Email Sent Successfully,تم إرسال البريد الإلكتروني بنجاح
Email address,عنوان البريد الإلكتروني
Email or Username,البريد الإلكتروني أو اسم المستخدم
Enable only if barcode also contains price segment.,فعّل فقط إذا كان الباركود يحتوي أيضاً على مقطع السعر.
"Enable when your barcode starts with a fixed prefix value (for example, 331).",فعّل عندما يبدأ الباركود بقيمة بادئة ثابتة (مثال: 331).
Enroll Customer,تسجيل العميل
Enrolled,المقيدين
Enrolling...,التسجيل ...
Enter coupon code...,أدخل رمز القسيمة...
Enter reason for this transaction...,أدخل سبب هذه المعاملة...
Enter supplier name,أدخل اسم المورد
Enter the email address associated with your account,أدخل عنوان البريد الإلكتروني المرتبط بحسابك
Enter your email address,أدخل عنوان بريدك الإلكتروني
Enter your email or username,أدخل بريدك الإلكتروني أو اسم المستخدم
Enter your email to receive a password reset link,أدخل بريدك الإلكتروني لتلقي رابط إعادة تعيين كلمة المرور
Enter your password,أدخل كلمة المرور
Expected,المتوقع
Expected Amount,المبلغ المتوقع
Expense,نفقة
Expense Account,حساب النفقات
Expense Account is required for expense entries.,حساب النفقات مطلوب لقيود النفقات.
Expense account is required,حساب النفقات مطلوب
Expense account is required for POS Expense.,حساب النفقات مطلوب لنفقات نقاط البيع.
Expense target account must match Expense Account.,يجب أن يتطابق حساب هدف النفقة مع حساب النفقات.
Expires,تنتهي
Failed to create payment request: {0},فشل إنشاء طلب الدفع: {0}
Failed to delete draft invoice,فشل حذف فاتورة المسودة
Failed to fetch draft invoices,فشل جلب فواتير المسودة
Failed to load draft invoice,فشل تحميل فاتورة المسودة
Failed to reconcile Credit Note {0}: {1},فشل تسوية إشعار الدائن {0}: {1}
Failed to reconcile Journal Entry {0}: {1},فشل تسوية القيد اليومي {0}: {1}
Failed to reconcile Payment Entry {0}: {1},فشل تسوية قيد الدفع {0}: {1}
Failed to record cash movement,فشل تسجيل حركة النقد
Failed to save draft: {0},فشل حفظ المسودة: {0}
Failed to validate coupon,فشل التحقق من القسيمة
Final Customer Offer,العرض النهائي للعميل
"Fixed starting value of all scale barcodes (for example, 331). If set, barcodes not starting with this value are ignored.",القيمة الثابتة لبداية جميع باركودات الميزان (مثال: 331). إذا تم تعيينها، يتم تجاهل الباركودات التي لا تبدأ بهذه القيمة.
Forgot password?,نسيت كلمة المرور؟
Generate and print barcode labels for items,إنشاء وطباعة ملصقات الباركود للعناصر
Generating...,جارٍ الإنشاء...
Gift Card,كرت هدية
Give Item,منح عنصر
Give Item Row ID,معرّف صف منح العنصر
Give Product,منح منتج
Given Quantity,الكمية الممنوحة
Grand Total,المجموع الإجمالي
In Transit,في مرحلة انتقالية
In-Transit,في العبور
In-Transit Stock,مخزون في العبور
Include QR Code,تضمين رمز QR
Individual,فرد
Invalid Opening Entry,إدخال فتح غير صالح
Invalid POS Opening Shift data provided.,بيانات نوبة فتح نقاط البيع المقدمة غير صالحة.
Invalid Period,فترة غير صالحة
Invalid language code,رمز اللغة غير صالح
Invalid language code format: {0},تنسيق رمز اللغة غير صالح: {0}
Invalid movement type for journal entry.,نوع الحركة غير صالح للقيد اليومي.
Invalid movement type.,نوع الحركة غير صالح.
Invalid or already used coupon code,رمز القسيمة غير صالح أو مستخدم بالفعل
Invalid or expired coupon code,رمز القسيمة غير صالح أو منتهي الصلاحية
Invalid payload for cash movement.,بيانات حركة النقد غير صالحة.
Invalid posting date.,تاريخ الترحيل غير صالح.
Invalid {0} filter,فلتر {0} غير صالح
Invoice,فاتورة
Invoice Amount,مبلغ الفاتورة
Invoice Currency,عملة الفاتورة
Invoice details,تفاصيل الفاتورة
Invoice name is required for update,اسم الفاتورة مطلوب للتحديث
Invoice {0} Deleted,تم حذف الفاتورة {0}
Invoice {0} does not exist,الفاتورة {0} غير موجودة
Invoice {0} not found,الفاتورة {0} غير موجودة
Item,السلعة
Item Code,رمز السلعة
Item Code and Price List are required,رمز العنصر وقائمة الأسعار مطلوبان
Item Code is required,رمز العنصر مطلوب
Item Discounts,خصومات العناصر
Item Group,مجموعة الصنف
Item Price,سعر الصنف
Item Price has been added or updated,تم إضافة سعر العنصر أو تحديثه
Item Rate Should Less Then,يجب أن يكون سعر العنصر أقل من
Item code digits,أرقام رمز العنصر
Item code is required.,رمز العنصر مطلوب.
Item code starting position,موضع بداية رمز العنصر
Item {0} was not in the original invoice {1},العنصر {0} لم يكن في الفاتورة الأصلية {1}
"Item {0}: Cannot return {1} units. Only {2} units remaining for return (Original: {3}, Already returned: {4})",العنصر {0}: لا يمكن إرجاع {1} وحدة. {2} وحدة فقط متبقية للإرجاع (الأصلي: {3}، تم الإرجاع بالفعل: {4})
"Item {0}: Cannot return {1}, maximum returnable is {2}",العنصر {0}: لا يمكن إرجاع {1}، الحد الأقصى القابل للإرجاع هو {2}
Item {0}: Discount {1}% exceeds maximum allowed {2}%,العنصر {0}: الخصم {1}% يتجاوز الحد الأقصى المسموح به {2}%
Item {0}: Quantity must be greater than zero,العنصر {0}: يجب أن تكون الكمية أكبر من صفر
Item {0}: Rate cannot be negative,العنصر {0}: لا يمكن أن يكون السعر سالباً
Items,الاصناف
Journal Entry,القيود اليومية
Journal Entry {0} has no unallocated amount remaining.,القيد اليومي {0} لا يوجد به مبلغ غير مخصص متبقٍ.
Label,ملصق
Label Size,حجم الملصق
Large (60×40mm),كبير (60×40 ملم)
Linked Invoices,الفواتير المرتبطة
Loading in-transit stock...,جارٍ تحميل المخزون في العبور...
Loading pending orders...,جارٍ تحميل الطلبات المعلقة...
Loading suppliers...,جارٍ تحميل الموردين...
Loyalty,الولاء
Loyalty Information,معلومات الولاء
Loyalty Point,نقطة ولاء
Loyalty Point Scheme,نظام نقاط الولاء
Loyalty Points,نقاط الولاء
Loyalty Points Redeemed,نقاط الولاء المستردة
Loyalty Program,برنامج الولاء
Loyalty Program is required,برنامج الولاء مطلوب
Loyalty Program {0} not found,برنامج الولاء {0} غير موجود
Manage loyalty for,إدارة الولاء لـ
Material transfers awaiting receipt at your warehouse,تحويلات المواد بانتظار الاستلام في مستودعك
Max Amount,أقصى مبلغ
Max Quantity,الكمية القصوى
Maximum Use,الاستخدام الأقصى
Medium (50×30mm),متوسط (50×30 ملم)
Method,طريقة
Min Amount,الحد الأدنى للمبلغ
Min Quantity,الكمية الدنيا
Missing Dependency,تبعية مفقودة
Mobile,التليفون المحمول
Mobile NO,رقم الجوال
Mode Of Payment,طريقة الدفع
Mode of Payment,طريقة الدفع
Mode of Payments,طريقة الدفع
Modes of Payment,طرق الدفع
Movement Type,نوع الحركة
Movement Type must be Expense or Deposit.,يجب أن يكون نوع الحركة نفقة أو إيداع.
Net Total,صافي المجموع
No allocation made for credit note {0},لم يتم إجراء أي تخصيص لإشعار الدائن {0}
No allocation made for payment {0},لم يتم إجراء أي تخصيص للدفع {0}
No allocation was recorded for Credit Note {0}.,لم يتم تسجيل أي تخصيص لإشعار الدائن {0}.
No allocation was recorded for Journal Entry {0}.,لم يتم تسجيل أي تخصيص للقيد اليومي {0}.
No allocation was recorded for Payment Entry {0}.,لم يتم تسجيل أي تخصيص لقيد الدفع {0}.
No allocations were made.,لم يتم إجراء أي تخصيصات.
No batches available in {0} for {1}.,لا توجد دفعات متاحة في {0} لـ {1}.
No draft invoices found,لم يتم العثور على فواتير مسودة
No groups found,لم يتم العثور على مجموعات
No in-transit stock,لا يوجد مخزون في العبور
No items found,لم يتم العثور على عناصر
No items in cart to save.,لا توجد عناصر في السلة للحفظ.
No items selected,لم يتم تحديد أي عناصر
No items to invoice. Please ensure there are items on the Purchase Order.,لا توجد عناصر للفوترة. يرجى التأكد من وجود عناصر في طلب الشراء.
No items to receive.,لا توجد عناصر للاستلام.
No items to receive. Please enter received quantities.,لا توجد عناصر للاستلام. يرجى إدخال الكميات المستلمة.
No items to return.,لا توجد عناصر للإرجاع.
No loyalty programs available,لا توجد برامج ولاء متاحة
No matches found,لم يتم العثور على تطابقات
No material transfers pending receipt,لا توجد تحويلات مواد معلقة الاستلام
No open shift found. Please open a shift first.,لم يتم العثور على نوبة مفتوحة. يرجى فتح نوبة أولاً.
No orders found,لم يتم العثور على طلبات
No outstanding invoices available for allocation of credit note {0},لا توجد فواتير مستحقة متاحة لتخصيص إشعار الدائن {0}
No outstanding invoices available for allocation of payment {0},لا توجد فواتير مستحقة متاحة لتخصيص الدفع {0}
No outstanding invoices were available to reconcile Credit Note {0}.,لم تكن هناك فواتير مستحقة متاحة لتسوية إشعار الدائن {0}.
No outstanding invoices were available to reconcile Journal Entry {0}.,لم تكن هناك فواتير مستحقة متاحة لتسوية القيد اليومي {0}.
No outstanding invoices were available to reconcile Payment Entry {0}.,لم تكن هناك فواتير مستحقة متاحة لتسوية قيد الدفع {0}.
No outstanding invoices were found for {0}.,لم يتم العثور على فواتير مستحقة لـ {0}.
No pending stock,لا يوجد مخزون معلق
"No query filters. Click \""Add Filter\"" to add one.","لا توجد فلاتر استعلام. انقر على \""إضافة فلتر\"" لإضافة واحد."
No suppliers found,لم يتم العثور على موردين
No unallocated payments were available for reconciliation.,لم تكن هناك مدفوعات غير مخصصة متاحة للتسوية.
No valid batches available in {0} for {1}.,لا توجد دفعات صالحة متاحة في {0} لـ {1}.
No valid items to receive.,لا توجد عناصر صالحة للاستلام.
No valid items to return.,لا توجد عناصر صالحة للإرجاع.
Not Enrolled,غير مسجل
Number of decimal places encoded for the price.,عدد المنازل العشرية المُشفَّرة للسعر.
Number of digits representing the price before decimal places.,عدد الأرقام التي تمثل السعر قبل المنازل العشرية.
Numpad,لوحة الأرقام
Offer,عرض
Offer Applied,تم تطبيق العرض
Offer Name,اسم العرض
Offers &amp; Coupons,العروض والقسائم
Offline,غير متصل
Only One Use Per Customer,استخدام واحد فقط لكل عميل
Only cancelled POS Cash Movement records can be deleted.,يمكن حذف سجلات حركات النقد الملغاة في نقاط البيع فقط.
Only cancelled cash movements can be deleted.,يمكن حذف حركات النقد الملغاة فقط.
Only draft Quotations can be updated,يمكن تحديث عروض الأسعار المسودة فقط
Only draft Sales Orders can be updated,يمكن تحديث طلبات المبيعات المسودة فقط
Only draft invoices can be deleted,يمكن حذف الفواتير المسودة فقط
Only draft invoices can be updated,يمكن تحديث الفواتير المسودة فقط
Only draft invoices can be updated and submitted,يمكن تحديث وتقديم الفواتير المسودة فقط
Only submitted cash movements can be cancelled.,يمكن إلغاء حركات النقد المقدمة فقط.
Only submitted or cancelled cash movements can be duplicated.,يمكن تكرار حركات النقد المقدمة أو الملغاة فقط.
Only the shift owner can create cash movement entries.,يمكن لمالك النوبة فقط إنشاء قيود حركات النقد.
Open,فتح
Opening,افتتاحي
Opening Amount,مبلغ الافتتاح
Opening Balance Details,تفاصيل الرصيد الافتتاحي
Order History,سجل الطلبات
Order only,الطلب فقط
Order saved as draft,تم حفظ الطلب كمسودة
Orders,أوامر
Original invoice {0} not found,الفاتورة الأصلية {0} غير موجودة
Out of Stock,إنتهى من المخزن
Outgoing Stock Entry is required.,قيد المخزون الصادر مطلوب.
POS,نقطة البيع
POS Allowed Expense Account,حساب النفقات المسموح به في نقاط البيع
POS Allowed Source Account,حساب المصدر المسموح به في نقاط البيع
POS Cash Movement,حركة نقد نقاط البيع
POS Closing Shift,نوبة إغلاق نقاط البيع
POS Closing Shift Detail,تفاصيل نوبة إغلاق نقاط البيع
POS Closing Shift Taxes,ضرائب نوبة إغلاق نقاط البيع
POS Closing Shift {} against {} between selected period,نوبة إغلاق نقاط البيع {} مقابل {} بين الفترة المحددة
POS Coupon,قسيمة نقاط البيع
POS Coupon Detail,تفاصيل قسيمة نقاط البيع
POS Expense,نفقة نقاط البيع
POS Expense is disabled for this POS Profile.,نفقة نقاط البيع معطلة لهذا الملف التعريفي لنقاط البيع.
POS Invoice,فاتورة نقاط البيع
POS Offer,عرض نقاط البيع
POS Offer Detail,تفاصيل عرض نقاط البيع
POS Offer is disabled.,عرض نقاط البيع معطل.
POS Opening Shift,نوبة فتح نقاط البيع
POS Opening Shift Detail,تفاصيل نوبة فتح نقاط البيع
POS Opening Shift is required,نوبة فتح نقاط البيع مطلوبة
POS Opening Shift is required to compute the overview.,نوبة فتح نقاط البيع مطلوبة لحساب النظرة العامة.
POS Opening Shift is required.,نوبة فتح نقاط البيع مطلوبة.
POS Opening Shift must be submitted and open.,يجب تقديم نوبة فتح نقاط البيع وفتحها.
POS Opening Shift not found.,نوبة فتح نقاط البيع غير موجودة.
POS Opening Shift {0} is not for the same POS Profile,نوبة فتح نقاط البيع {0} ليست لنفس ملف نقاط البيع
POS Opening Shift {0} is not for the same company,نوبة فتح نقاط البيع {0} ليست لنفس الشركة
POS Payment Entry Reference,مرجع قيد دفع نقاط البيع
POS Payments,مدفوعات نقاط البيع
POS Print Format Rule,قاعدة تنسيق طباعة نقاط البيع
POS Profile,الملف الشخصي لنقطة البيع
POS Profile company must match active POS Opening Shift company.,يجب أن تتطابق شركة ملف نقاط البيع مع شركة نوبة فتح نقاط البيع النشطة.
POS Profile is not set. Please close and reopen the shift.,ملف نقاط البيع غير محدد. يرجى إغلاق النوبة وإعادة فتحها.
POS Profile is required,ملف نقاط البيع مطلوب
POS Profile is required to create purchase documents.,ملف نقاط البيع مطلوب لإنشاء مستندات الشراء.
POS Profile is required.,ملف نقاط البيع مطلوب.
POS Profile must match the active POS Opening Shift profile.,يجب أن يتطابق ملف نقاط البيع مع ملف نوبة فتح نقاط البيع النشطة.
POS Profile must match the selected POS Opening Shift profile.,يجب أن يتطابق ملف نقاط البيع مع ملف نوبة فتح نقاط البيع المحددة.
POS Profile {} does not belongs to company {},الملف الشخصي لنقاط البيع {} لا ينتمي إلى الشركة {}
"POS Profile, Customer, and Items are required",ملف نقاط البيع والعميل والعناصر مطلوبة
POS Profiles,ملفات نقاط البيع
POS Sales Person Filter,فلتر مندوب المبيعات في نقاط البيع
POS Shift {0} is not open,نوبة نقاط البيع {0} غير مفتوحة
POS Transactions,معاملات نقاط البيع
POS credit redemption for Sales Invoice {0},استرداد رصيد نقاط البيع لفاتورة المبيعات {0}
POS expense recorded,تم تسجيل نفقة نقاط البيع
POS profile data is missing or invalid.,بيانات ملف نقاط البيع مفقودة أو غير صالحة.
Password,كلمة المرور
Pay {0},ادفع {0}
Payment,دفع
Payment Entry,تدوينات المدفوعات
Payment Entry is already created or payment account is not matched,قيد الدفع موجود بالفعل أو حساب الدفع غير متطابق
Payment Entry {0} has no unallocated amount remaining.,قيد الدفع {0} لا يوجد به مبلغ غير مخصص متبقٍ.
Payment Gateway Account not found,حساب بوابة الدفع غير موجود
Payment Reconciliation,دفع المصالحة
Payment Request for {0},طلب الدفع ل {0}
Payment amount cannot be less than or equal to 0,لا يمكن أن يكون مبلغ الدفعة أقل من أو يساوي 0
Payment amount must be greater than zero,يجب أن يكون مبلغ الدفع أكبر من صفر
Payment {0} is already fully allocated,الدفع {0} مخصص بالكامل بالفعل
Payments,المدفوعات
Pending,معلق
Period End Date,تاريخ انتهاء الفترة
Period Start Date,تاريخ بداية الفترة
Phone number,رقم الهاتف
Please enter the phone number first,الرجاء إدخال رقم الهاتف أولاً
Please select Coupon Code Based POS Offer.,يرجى اختيار عرض نقاط البيع القائم على رمز القسيمة.
Please select a customer before adding items to the cart,يرجى اختيار عميل قبل إضافة عناصر إلى السلة
Please select a customer before holding the order.,يرجى اختيار عميل قبل تعليق الطلب.
Please select the correct POS Offer with the same company.,يرجى اختيار عرض نقاط البيع الصحيح بنفس الشركة.
Please select the customer.,يرجى اختيار العميل.
Please set Default Payable Account in Company {0},يرجى تعيين حساب الدائنين الافتراضي في الشركة {0}
Please set default account for Mode of Payment {0} in company {1},يرجى تعيين الحساب الافتراضي لطريقة الدفع {0} في الشركة {1}
Point of Sale System,نظام نقاط البيع
Points Earned,النقاط المكتسبة
Points Redeemed,النقاط المستردة
Points Value,قيمة النقاط
"Positions are 1-indexed and counted on the full barcode. Example: 3310100010009 => prefix 331, item code 3310100, weight 1.000, check digit 9.",المواضع مُرقَّمة بدايةً من 1 وتُحسب على الباركود الكامل. مثال: 3310100010009 => بادئة 331، رمز العنصر 3310100، وزن 1.000، رقم التحقق 9.
Posting Date,تاريخ الترحيل
Prefix,بادئة
Prefix included in barcode,البادئة مضمنة في الباركود
Prefix length,طول البادئة
"Prefix length (for example, prefix 331 => length 3). Item/weight start positions still use full barcode positions.",طول البادئة (مثال: بادئة 331 => طول 3). لا تزال مواضع بداية العنصر/الوزن تستخدم مواضع الباركود الكامل.
Price,السعر
Price Discount Scheme ,نظام خصم السعر
Price List is required,قائمة الأسعار مطلوبة
Price decimals,عشريات السعر
Price digits,أرقام السعر
Price included in barcode,السعر مضمن في الباركود
Price starting position,موضع بداية السعر
Primary Customer Offer,العرض الأساسي للعميل
Print,طباعة
Print Format,تنسيق الطباعة
Print Labels,طباعة الملصقات
Print Last Invoice,طباعة آخر فاتورة
Process Return,معالجة الإرجاع
Process Return {0},معالجة الإرجاع {0}
Processing...,جارٍ المعالجة...
Product Discount Scheme,مخطط خصم المنتج
Profile,الملف الشخصي
Profiles List,قائمة الملفات الشخصية
Program,برنامج
Promo Type,نوع العرض الترويجي
Promotional,الترويجية
Promotional Schemes,المخططات الترويجية
Purchase,الشراء
Purchase Order is required.,طلب الشراء مطلوب.
Purchase Order {0} does not exist.,طلب الشراء {0} غير موجود.
Purchase Order {0} is not submitted.,لم يتم تقديم طلب الشراء {0}.
Purchase Order {0} processing failed: {1},فشلت معالجة طلب الشراء {0}: {1}
Purchase Orders,طلبات الشراء
Purchase Orders pending receipt at,طلبات الشراء بانتظار الاستلام في
Purchase order requires at least one item with quantity.,يتطلب طلب الشراء عنصراً واحداً على الأقل مع الكمية.
Purchase order requires at least one item.,يتطلب طلب الشراء عنصراً واحداً على الأقل.
Purchase orders,طلبات الشراء
Python package 'cryptography' is required for QZ Tray signing. Please install it on the server and retry.,حزمة Python 'cryptography' مطلوبة لتوقيع QZ Tray. يرجى تثبيتها على الخادم والمحاولة مرة أخرى.
QZ Certificate Missing,شهادة QZ مفقودة
QZ Certificate Ready,شهادة QZ جاهزة
"QZ Tray certificate generated successfully.<br><br>Download the certificate from POS Awesome and import it into QZ Tray on each POS machine, then restart QZ Tray.",تم إنشاء شهادة QZ Tray بنجاح.<br><br>قم بتنزيل الشهادة من POS Awesome واستيرادها إلى QZ Tray على كل جهاز نقاط بيع، ثم أعد تشغيل QZ Tray.
QZ Tray certificate not found. Ask an administrator to run Setup QZ Certificate.,شهادة QZ Tray غير موجودة. اطلب من المسؤول تشغيل إعداد شهادة QZ.
QZ certificate already exists.,شهادة QZ موجودة بالفعل.
QZ certificate generated successfully.,تم إنشاء شهادة QZ بنجاح.
Qty,الكمية
Qualifying Transaction / Item,المعاملة / العنصر المؤهل
Quantity and Amount Conditions,شروط الكمية والمبلغ
Quotation name is required,اسم عرض السعر مطلوب
Rate,سعر السلعة المفردة
Reason / Notes,السبب / الملاحظات
Receive,تسلم
Receive & Return,استلام وإرجاع
Receive Qty,كمية الاستلام
Receive Stock,استلام المخزون
Receive stock,استلام المخزون
Received at {0},تم الاستلام في {0}
Receiving at,الاستلام في
Receiving...,جارٍ الاستلام...
Recent Movements,الحركات الأخيرة
Record Deposit,تسجيل إيداع
Record Expense,تسجيل نفقة
Record a cash deposit,تسجيل إيداع نقدي
Record a cash withdrawal,تسجيل سحب نقدي
Redeem Points,استرداد النقاط
Referral Code,كود الإحالة
Referral Code is required,رمز الإحالة مطلوب
Referral Code {0} does not exist,رمز الإحالة {0} غير موجود
Referral Code {0} is disabled,رمز الإحالة {0} معطل
Referral Name,اسم المُحيل
Refresh,تحديث
Refund Amount,مبلغ الاسترداد
Reject Qty,كمية الرفض
Remaining,المتبقية
Remaining outstanding: {0} across {1} invoice(s).,المتبقي المستحق: {0} عبر {1} فاتورة (فواتير).
Remarks,ملاحظات
"Remarks (optional, e.g. items damaged)",ملاحظات (اختياري، مثل: عناصر تالفة)
"Remarks (optional, e.g. missing or damaged items)",ملاحظات (اختياري، مثل: عناصر مفقودة أو تالفة)
Remarks are required for cash movement in this POS Profile.,الملاحظات مطلوبة لحركة النقد في هذا الملف التعريفي لنقاط البيع.
Remove Loyalty,إزالة الولاء
Repeat,تكرار
Repeat Invoice (Ctrl+G),تكرار الفاتورة (Ctrl+G)
Replace Cheapest Item,استبدال أرخص عنصر
Replace Same Item,استبدال نفس العنصر
Reset Password,إعادة تعيين كلمة المرور
Restore Draft Invoice,استعادة فاتورة المسودة
Restore draft,استعادة المسودة
Return,عودة
Return & Print,إرجاع وطباعة
Return Against invoice is required for returns,الفاتورة المرجعية للإرجاع مطلوبة للمرتجعات
Return Payment,دفع المرتجعات
Return Qty,كمية الإرجاع
Returns,النتائج
Returns are only allowed until {0},المرتجعات مسموحة فقط حتى {0}
Review and reconcile your shift,مراجعة وتسوية نوبتك
"Row #{0}: The batch {1} has only {2} qty. Please select another batch which has {3} qty available or split the row into multiple rows, to deliver/issue from multiple batches",الصف # {0}: الدفعة {1} فقط {2} الكمية. يرجى تحديد دفعة أخرى توفر {3} الكمية أو تقسيم الصف إلى صفوف متعددة، لتسليم / إصدار من دفعات متعددة
Row ID,معرّف الصف
Sales Invoice,فاتورة مبيعات
Sales Invoice Reference,مرجع فاتورة المبيعات
Sales Manager,مدير المبيعات
Sales Master Manager,المدير الرئيسي للمبيعات
Sales Order Created,تم إنشاء طلب المبيعات
Sales Order Created at <a href='{0}'>{1}</a>,تم إنشاء طلب المبيعات في <a href='{0}'>{1}</a>
Sales Order name is required,اسم طلب المبيعات مطلوب
Sales Partner,شريك المبيعات
Sales Person,مندوب مبيعات
Sales Summary,ملخص المبيعات
Sales User,عضو المبيعات
Save & Print,حفظ وطباعة
Save Only,حفظ فقط
Save as draft,حفظ كمسودة
Save your current order to create a draft,احفظ طلبك الحالي لإنشاء مسودة
Scale Barcode Settings,إعدادات باركود الميزان
Scan barcode...,مسح الباركود...
Search and add items from the left panel,ابحث وأضف عناصر من اللوحة اليسرى
"Search by name, phone, email...",ابحث بالاسم أو الهاتف أو البريد الإلكتروني...
Search for items to add barcode labels,ابحث عن عناصر لإضافة ملصقات الباركود
Search for or create a customer,ابحث عن عميل أو أنشئ عميلاً جديداً
Search item groups...,بحث في مجموعات العناصر...
"Search items by name, code, or barcode...",ابحث عن العناصر بالاسم أو الرمز أو الباركود...
"Search items, scan barcode...",ابحث عن العناصر، مسح الباركود...
Search suppliers...,بحث في الموردين...
Searching...,جارٍ البحث...
Secure login powered by Frappe Framework,تسجيل دخول آمن مدعوم بإطار عمل Frappe
Select Customer,حدد العميل
Select a draft invoice to restore to cart,اختر فاتورة مسودة لاستعادتها إلى السلة
Select a loyalty program to enroll this customer,اختر برنامج ولاء لتسجيل هذا العميل
Select customer first,اختر العميل أولاً
Selected,محدد
Selected POS Opening Shift should be open.,يجب أن تكون نوبة فتح نقاط البيع المحددة مفتوحة.
Selected expense account is not allowed for this POS Profile.,حساب النفقات المحدد غير مسموح به لهذا الملف التعريفي لنقاط البيع.
Selected source account is not allowed for this POS Profile.,حساب المصدر المحدد غير مسموح به لهذا الملف التعريفي لنقاط البيع.
Send Reset Link,إرسال رابط إعادة التعيين
Sending...,إرسال...
Set Posting Date,حدد تاريخ النشر
Shift,النوبة
Shift closed successfully!,تم إغلاق النوبة بنجاح!
Shipping Account,حساب الشحن
Shortage return from transit to source,إرجاع النقص من العبور إلى المصدر
Show Price,عرض السعر
Sign In,تسجيل الدخول
Sign Out,تسجيل الخروج
Sign in to your account to continue,سجّل الدخول إلى حسابك للمتابعة
Signing in...,جارٍ تسجيل الدخول...
Small (38×25mm),صغير (38×25 ملم)
Small remaining amounts,مبالغ متبقية صغيرة
"Sorry, this coupon code cannot be used by this company",عذراً، لا يمكن استخدام رمز القسيمة هذا من قبل هذه الشركة
"Sorry, this coupon code cannot be used by this customer",عذراً، لا يمكن استخدام رمز القسيمة هذا من قبل هذا العميل
"Sorry, this coupon code is no longer valid",عذرا ، رمز القسيمة هذا لم يعد صالحًا
"Sorry, this coupon code not exists",عذراً، رمز القسيمة هذا غير موجود
"Sorry, this coupon code's validity has expired",عذرا ، لقد انتهت صلاحية رمز القسيمة
"Sorry, this coupon code's validity has not started",عذرًا ، لم تبدأ صلاحية رمز القسيمة
"Sorry, {0} have used this coupon before",عذراً، {0} استخدم هذه القسيمة من قبل
Source Account,حساب المصدر
Source account,حساب المصدر
Source account must be a Cash account.,يجب أن يكون حساب المصدر حساباً نقدياً.
Source account must belong to the selected company.,يجب أن ينتمي حساب المصدر إلى الشركة المحددة.
Source account override is disabled for this POS Profile.,تجاوز حساب المصدر معطل لهذا الملف التعريفي لنقاط البيع.
Source and target accounts are required.,حسابا المصدر والهدف مطلوبان.
Source and target accounts cannot be the same for cash deposit.,لا يمكن أن يكون حسابا المصدر والهدف متماثلين للإيداع النقدي.
Split Payment,تقسيم الدفع
Starting position (1-indexed) of the price segment.,موضع البداية (مُرقَّم من 1) لمقطع السعر.
Status,الحالة
Status must be one of {0},يجب أن تكون حالة واحدة من {0}
Stock Entry {0} does not exist.,قيد المخزون {0} غير موجود.
Stock Entry {0} has already been fully received.,قيد المخزون {0} تم استلامه بالكامل بالفعل.
Stock Entry {0} is not a Material Transfer with in-transit.,قيد المخزون {0} ليس تحويل مواد مع عبور.
Stock Entry {0} is not a valid in-transit transfer.,قيد المخزون {0} ليس تحويل عبور صالح.
Stock Entry {0} is not submitted.,لم يتم تقديم قيد المخزون {0}.
Stock Receiving,استلام المخزون
Stock UOM is required.,وحدة قياس المخزون مطلوبة.
Subtotal,حاصل الجمع
Successfully enrolled {0} in {1},تم تسجيل {0} في {1} بنجاح
Successfully unenrolled {0} from {1},تم إلغاء تسجيل {0} من {1} بنجاح
Summary,الملخص
Supplier Name,اسم المورد
Supplier is required.,المورد مطلوب.
Supplier name is required.,اسم المورد مطلوب.
Supplier {0} was not found.,المورد {0} غير موجود.
Suppliers,الموردين
Sync,مزامنة
System Manager,مدير النظام
Target Account,حساب الهدف
Target account,حساب الهدف
Target account is required,حساب الهدف مطلوب
Target account must belong to the selected company.,يجب أن ينتمي حساب الهدف إلى الشركة المحددة.
Target warehouse is required.,المستودع الهدف مطلوب.
Tax Breakdown,تفصيل الضريبة
Tax ID,الرقم الضريبي
Taxes,الضرائب
Taxes & Charges,الضرائب والرسوم
Taxes Breakdown,تفصيل الضرائب
Tendered,المبلغ المُسلَّم
Theme: Dark (click to switch to System),السمة: داكن (انقر للتبديل إلى النظام)
Theme: Light (click to switch to Dark),السمة: فاتح (انقر للتبديل إلى الداكن)
Theme: System ({0}) (click to switch to Light),السمة: النظام ({0}) (انقر للتبديل إلى الفاتح)
This Referral Code {0} not exists,رمز الإحالة {0} غير موجود
This invoice {0} cannot be deleted,لا يمكن حذف الفاتورة {0}
Title,اللقب
Total,الاجمالي غير شامل الضريبة
Total Invoices,إجمالي الفواتير
Total Paid,إجمالي المدفوع
Total Quantity,الكمية الإجمالية
Total Taxes,إجمالي الضرائب
Total item code digits to extract. Example: item code 3310100 => digits 7.,إجمالي أرقام رمز العنصر للاستخراج. مثال: رمز العنصر 3310100 => أرقام 7.
Transaction,حركة
Try a different search or category,جرّب بحثاً أو فئة مختلفة
Try adjusting your filters,جرّب تعديل الفلاتر
Try again,حاول مرة أخرى
Type,النوع
Unable to cancel Journal Entry {0} linked to this invoice. Please cancel it manually and try again.,لا يمكن إلغاء القيد اليومي {0} المرتبط بهذه الفاتورة. يرجى إلغاؤه يدوياً والمحاولة مرة أخرى.
Unable to create Journal Entry for customer credit.,لا يمكن إنشاء القيد اليومي لرصيد العميل.
Unable to determine cash account for change payment entry.,لا يمكن تحديد حساب النقد لقيد دفع الباقي.
Unable to determine customer receivable account for change payment entry.,لا يمكن تحديد حساب مستحقات العميل لقيد دفع الباقي.
Unable to find exchange rate for {0} to {1}. Please create a Currency Exchange record manually,لا يمكن العثور على سعر الصرف من {0} إلى {1}. يرجى إنشاء سجل تبادل العملات يدوياً
Unable to load Credit Note {0}: {1},لا يمكن تحميل إشعار الدائن {0}: {1}
Unable to load Payment Entry {0}: {1},لا يمكن تحميل قيد الدفع {0}: {1}
Unable to resolve POS Opening Shift.,لا يمكن حل نوبة فتح نقاط البيع.
Unable to resolve POS cash account from POS Profile cash mode of payment.,لا يمكن حل حساب النقد في نقاط البيع من طريقة الدفع النقدي في ملف نقاط البيع.
Unenroll from Program,إلغاء التسجيل من البرنامج
Unknown error,خطأ غير معروف
Used,مستخدم
User,المستعمل
User must match the selected POS Opening Shift user.,يجب أن يتطابق المستخدم مع مستخدم نوبة فتح نقاط البيع المحددة.
User {} has been disabled. Please select valid user/cashier,تم تعطيل المستخدم {}. يرجى اختيار مستخدم/أمين صندوق صالح
Valid From,صالح من تاريخ
Valid Upto,صالح حتى
Validity and Usage,الصلاحية والاستخدام
Walk-in Customer,عميل بدون موعد
Warehouse,المستودعات
Website Manager,مدير الموقع
Weight,وزن
Weight decimals,عشريات الوزن
Weight digits,أرقام الوزن
Weight starting position,موضع بداية الوزن
Weight value is parsed as: [weight digits].[weight decimals].,تتم قراءة قيمة الوزن على النحو: [أرقام الوزن].[عشريات الوزن].
Welcome back,مرحباً بعودتك
"When enabled, price is extracted using the price start/digits/decimals fields below.",عند التفعيل، يتم استخراج السعر باستخدام حقول بداية السعر/الأرقام/العشريات أدناه.
Worth {0},يساوي {0}
Write Off,لا تصلح
Write off amount exceeds the allowed limit ({0}). Please add payment for the remaining amount.,مبلغ الشطب يتجاوز الحد المسموح به ({0}). يرجى إضافة دفعة للمبلغ المتبقي.
X POS,إكس بي أو إس
X POS App,تطبيق إكس بي أو إس
X POS Payments is not enabled for this POS Profile,مدفوعات إكس بي أو إس غير مفعلة لهذا الملف التعريفي لنقاط البيع
X POS Purchase Order Flow Failed,فشل سير طلب الشراء في إكس بي أو إس
You are not allowed to access this shift.,غير مسموح لك بالوصول إلى هذه النوبة.
You are not allowed to manage this cash movement record.,غير مسموح لك بإدارة سجل حركة النقد هذا.
You are trying to return more quantity for item {0} than was sold.,تحاول إرجاع كمية أكبر من المُباعة للعنصر {0}.
days,أيام
"e.g. \""Summer Holiday 2019 Offer 20\""","مثال: \""Summer Holiday 2019 Offer 20\"""
incl.,شامل
item,عنصر
item(s),عنصر (عناصر)
items,عناصر
items must be a list,يجب أن تكون العناصر قائمة
label(s),ملصق (ملصقات)
modified_after must be a valid ISO datetime,يجب أن يكون modified_after تاريخاً ووقتاً صالحاً بتنسيق ISO
more,المزيد
pts,نقاط
received,تم الاستلام
transferred,تم النقل
unaccounted,غير محسوب
unique e.g. SAVE20  To be used to get discount,فريدة مثل SAVE20 لاستخدامها للحصول على الخصم
will be rejected,سيتم رفضه
will be returned to,سيتم إرجاعه إلى
{0} Coupon used are {1}. Allowed quantity is exhausted,{0} القسيمة المستخدمة هي {1}. الكمية المسموح بها مستنفدة
{0} is disabled for this POS Profile.,{0} معطل لهذا الملف التعريفي لنقاط البيع.
{0} is invalid.,{0} غير صالح.
{0} must belong to company {1}.,يجب أن ينتمي {0} إلى الشركة {1}.
{0} payment(s) were skipped.,تم تخطي {0} دفعة.
{0} {1} must be submitted before creating change payment entries.,يجب تقديم {0} {1} قبل إنشاء قيود دفع الباقي.
{} Active,{} نشط
Default Currency,العملة الافتراضية
"e.g. ""Summer Holiday 2019 Offer 20""",مثال: &quot;Summer Holiday 2019 Offer 20&quot;
Failed,باءت بالفشل
First Name,الاسم الأول
Full Name,الاسم الكامل
Invoice Number,رقم الفاتورة
Keyboard Shortcuts,اختصارات لوحة المفاتيح
Last Name,اسم العائلة
Middle Name,الاسم الأوسط
Mpesa Settings,إعدادات Mpesa
Posting Time,نشر التوقيت
Reload,إعادة التحميل
Session Defaults,إعدادات الجلسة الافتراضية
Success,نجاح
Till Number,حتى رقم
Transaction Type,نوع المعاملة
View Website,عرض الموقع الإلكتروني
Account,حساب,
Account Head,رئيس حساب,
Accounts Manager,مدير حسابات,
Accounts User,حسابات المستخدمين,
Add to Cart,أضف إلى السلة,
Add/Edit Coupon Conditions,إضافة / تحرير شروط القسيمة,
Additional Discount,خصم إضافي,
Administrator,مدير,
All,الكل,
Amended From,معدل من,
Amount,مبلغ,
Applied,طلب,
Apply On,تنطبق على,
Apply Rule On Brand,تطبيق القاعدة على العلامة التجارية,
Apply Rule On Item Code,تطبيق القاعدة على رمز البند,
Apply Rule On Item Group,تطبيق القاعدة على مجموعة العناصر,
Barcode,الرمز الشريطي,
Barcode Type,نوع الباركود,
Brand,العلامة التجارية,
Campaign,الحملة,
Cancel,إلغاء,
Cancelled,ألغيت,
Cart,عربة,
Cashier,أمين الصندوق,
Change,تغيير,
Close,أغلق,
Closed,مغلق,
Closing Amount,مبلغ الإغلاق,
Company,شركة,
Cost Center,مركز التكلفة,
Coupon Code,رمز الكوبون,
Coupon Code Based,كود الكوبون,
Coupon Description,وصف القسيمة,
Coupon Name,اسم القسيمة,
Coupon Type,نوع الكوبون,
Credit Note,إشعار دائن,
Currency,العملة,
Customer,العميل,
Customer Group,مجموعة العميل,
Customer Name,اسم العميل,
Customer is required,العميل مطلوب,
Date,التاريخ,
Description,وصف,
Details,تفاصيل,
Difference,فرق,
Disabled,معطل,
Discount,خصم,
Discount Amount,قيمة الخصم,
Discount Percentage,نسبة الخصم,
Discount Type,نوع الخصم,
Draft,مشروع,
Email,البريد الإلكتروني,
Email Address,البريد الالكتروني,
Enrolled,المقيدين,
Enrolling...,التسجيل ...,
Expected Amount,المبلغ المتوقع,
Expense,نفقة,
Expense Account,حساب النفقات,
Full Name,الاسم الكامل,
Gift Card,كرت هدية,
Grand Total,المجموع الإجمالي,
In Transit,في مرحلة انتقالية,
Individual,فرد,
Invalid Opening Entry,إدخال فتح غير صالح,
Invoice,فاتورة,
Item,السلعة,
Item Code,رمز السلعة,
Item Group,مجموعة الصنف,
Item Price,سعر الصنف,
Items,الاصناف,
Journal Entry,القيود اليومية,
Label,ملصق,
Linked Invoices,الفواتير المرتبطة,
Loyalty Points,نقاط الولاء,
Loyalty Program,برنامج الولاء,
Max Amount,أقصى مبلغ,
Maximum Use,الاستخدام الأقصى,
Method,طريقة,
Min Amount,الحد الأدنى للمبلغ,
Mobile,التليفون المحمول,
Mode Of Payment,طريقة الدفع,
Mode of Payment,طريقة الدفع,
Mode of Payments,طريقة الدفع,
Modes of Payment,طرق الدفع,
Net Total,صافي المجموع,
Open,فتح,
Opening,افتتاحي,
Opening Amount,مبلغ الافتتاح,
Opening Balance Details,تفاصيل الرصيد الافتتاحي,
Orders,أوامر,
Out of Stock,إنتهى من المخزن,
POS,نقطة البيع,
POS Invoice,فاتورة نقاط البيع,
POS Profile,الملف الشخصي لنقطة البيع,
POS Transactions,معاملات نقاط البيع,
Payment,دفع,
Payment Entry,تدوينات المدفوعات,
Payment Reconciliation,دفع المصالحة,
Payment Request for {0},طلب الدفع ل {0},
Payment amount cannot be less than or equal to 0,لا يمكن أن يكون مبلغ الدفعة أقل من أو يساوي 0,
Payments,المدفوعات,
Pending,معلق,
Period End Date,تاريخ انتهاء الفترة,
Period Start Date,تاريخ بداية الفترة,
Please enter the phone number first,الرجاء إدخال رقم الهاتف أولاً,
Please select the customer.,يرجى اختيار العميل.,
Posting Date,تاريخ الترحيل,
Price,السعر,
Print,طباعة,
Print Format,تنسيق الطباعة,
Product Discount Scheme,مخطط خصم المنتج,
Program,برنامج,
Promotional,الترويجية,
Purchase Orders,طلبات الشراء,
Qty,الكمية,
Rate,سعر السلعة المفردة,
Receive,تسلم,
Referral Code,كود الإحالة,
Refresh,تحديث,
Remaining,المتبقية,
Remarks,ملاحظات,
Return,عودة,
Returns,النتائج,
"Row #{0}: The batch {1} has only {2} qty. Please select another batch which has {3} qty available or split the row into multiple rows, to deliver/issue from multiple batches",الصف # {0}: الدفعة {1} فقط {2} الكمية. يرجى تحديد دفعة أخرى توفر {3} الكمية أو تقسيم الصف إلى صفوف متعددة، لتسليم / إصدار من دفعات متعددة,
Sales Invoice,فاتورة مبيعات,
Sales Manager,مدير المبيعات,
Sales Master Manager,المدير الرئيسي للمبيعات,
Sales Partner,شريك المبيعات,
Sales Person,مندوب مبيعات,
Sales Summary,ملخص المبيعات,
Sales User,عضو المبيعات,
Select Customer,حدد العميل,
Sending...,إرسال...,
Set Posting Date,حدد تاريخ النشر,
Shipping Account,حساب الشحن,
Show Price,عرض السعر,
"Sorry, this coupon code is no longer valid",عذرا ، رمز القسيمة هذا لم يعد صالحًا,
"Sorry, this coupon code's validity has expired",عذرا ، لقد انتهت صلاحية رمز القسيمة,
"Sorry, this coupon code's validity has not started",عذرًا ، لم تبدأ صلاحية رمز القسيمة,
Status,الحالة,
Status must be one of {0},يجب أن تكون حالة واحدة من {0},
Subtotal,حاصل الجمع,
Summary,الملخص,
Supplier Name,اسم المورد,
Suppliers,الموردين,
System Manager,مدير النظام,
Tax ID,الرقم الضريبي,
Taxes,الضرائب,
Title,اللقب,
Total,الاجمالي غير شامل الضريبة,
Total Quantity,الكمية الإجمالية,
Transaction,حركة,
Type,النوع,
Used,مستخدم,
User,المستعمل,
Valid From,صالح من تاريخ,
Valid Upto,صالح حتى,
Validity and Usage,الصلاحية والاستخدام,
Warehouse,المستودعات,
Website Manager,مدير الموقع,
Weight,وزن,
Write Off,لا تصلح,
"e.g. ""Summer Holiday 2019 Offer 20""",مثال: &quot;Summer Holiday 2019 Offer 20&quot;,
reports,التقارير,
required,مطلوب,
rows,صفوف,
sales_invoice is required,فاتورة المبيعات مطلوبة,
sales_order is required,رقم طلب المبيعات مطلوب,
select,يختار,
selected,مختارة,
transferred,نقل,
unaccounted,في عداد المفقودين,
unique e.g. SAVE20  To be used to get discount,فريدة مثل SAVE20 لاستخدامها للحصول على الخصم,
will be returned to,سيتم إرجاعها إلى,
{0} Coupon used are {1}. Allowed quantity is exhausted,{0} القسيمة المستخدمة هي {1}. الكمية المسموح بها مستنفدة,
{0} can only create deposits for their own shift,لا يمكن لـ {0} إنشاء ودائع إلا لوردية عملهم الخاصة,
{0} can only create expenses for their own shift,لا يمكن لـ {0} إنشاء نفقات إلا لنوبتهم الخاصة,
{0} is disabled for this POS Profile.,{0} معطل لهذا الملف التعريفي لنقاط البيع.,
{0} is invalid.,{0} غير صالح.,
{0} items added,تمت إضافة {0} عنصرًا,
{0} must belong to company {1}.,يجب أن ينتمي {0} إلى الشركة {1}.,
{0} payment(s) were skipped.,تم تخطي {0} دفعة.,
{0} {1} must be submitted before creating change payment entries.,يجب تقديم {0} {1} قبل إنشاء إدخالات دفع التغيير.,
{} Active,{} نشيط,
